{
  "oversized": {
    "precision": 0.0967741935483871,
    "recall": 0.375,
    "f1": 0.15384615384615383,
    "support": 16
  },
  "relaxed": {
    "precision": 0.4217687074829932,
    "recall": 0.36470588235294116,
    "f1": 0.39116719242902204,
    "support": 170
  },
  "regular": {
    "precision": 0.46785714285714286,
    "recall": 0.3721590909090909,
    "f1": 0.41455696202531644,
    "support": 352
  },
  "slim": {
    "precision": 0.545045045045045,
    "recall": 0.5902439024390244,
    "f1": 0.5667447306791569,
    "support": 205
  },
  "cropped": {
    "precision": 0.6848484848484848,
    "recall": 0.7321814254859611,
    "f1": 0.707724425887265,
    "support": 463
  }
}