{
  "oversized": {
    "precision": 0.17073170731707318,
    "recall": 0.4375,
    "f1": 0.2456140350877193,
    "support": 16
  },
  "relaxed": {
    "precision": 0.3758620689655172,
    "recall": 0.6411764705882353,
    "f1": 0.4739130434782608,
    "support": 170
  },
  "regular": {
    "precision": 0.5272727272727272,
    "recall": 0.16477272727272727,
    "f1": 0.2510822510822511,
    "support": 352
  },
  "slim": {
    "precision": 0.45695364238410596,
    "recall": 0.6731707317073171,
    "f1": 0.5443786982248521,
    "support": 205
  },
  "cropped": {
    "precision": 0.6846652267818575,
    "recall": 0.6846652267818575,
    "f1": 0.6846652267818575,
    "support": 463
  }
}