{
  "oversized": {
    "precision": 0.05357142857142857,
    "recall": 0.375,
    "f1": 0.09375,
    "support": 16
  },
  "relaxed": {
    "precision": 0.4293785310734463,
    "recall": 0.4470588235294118,
    "f1": 0.4380403458213256,
    "support": 170
  },
  "regular": {
    "precision": 0.5056179775280899,
    "recall": 0.3835227272727273,
    "f1": 0.4361873990306947,
    "support": 352
  },
  "slim": {
    "precision": 0.5789473684210527,
    "recall": 0.5365853658536586,
    "f1": 0.5569620253164557,
    "support": 205
  },
  "cropped": {
    "precision": 0.7086956521739131,
    "recall": 0.7041036717062635,
    "f1": 0.7063921993499458,
    "support": 463
  }
}