{
  "oversized": {
    "precision": 0.03571428571428571,
    "recall": 0.0625,
    "f1": 0.045454545454545456,
    "support": 16
  },
  "relaxed": {
    "precision": 0.2848297213622291,
    "recall": 0.5411764705882353,
    "f1": 0.37322515212981744,
    "support": 170
  },
  "regular": {
    "precision": 0.46017699115044247,
    "recall": 0.14772727272727273,
    "f1": 0.22365591397849463,
    "support": 352
  },
  "slim": {
    "precision": 0.38858695652173914,
    "recall": 0.697560975609756,
    "f1": 0.4991273996509599,
    "support": 205
  },
  "cropped": {
    "precision": 0.6925133689839572,
    "recall": 0.5593952483801296,
    "f1": 0.6188769414575866,
    "support": 463
  }
}